Company Name,Location,Job Profile
Data Science Specialist,"Kolkata, Mumbai, Hyderabad/Secunderabad, Pune, Chennai, Bangalore/Bengaluru",Must Have Knowledge of statistical techniques and machine learning algorithms Hands-on ...
Data Science Specialist,"Kolkata, Mumbai, Hyderabad/Secunderabad, Pune, Chennai, Bangalore/Bengaluru",Must Have Knowledge of statistical techniques and machine learning algorithms Hands-on ...
Data Science Specialist,"Kolkata, Mumbai, Hyderabad/Secunderabad, Pune, Chennai, Bangalore/Bengaluru",Must Have Knowledge of statistical techniques and machine learning algorithms Hands-on ...
Data Science Specialist,"Kolkata, Mumbai, Hyderabad/Secunderabad, Pune, Chennai, Bangalore/Bengaluru",Must Have Knowledge of statistical techniques and machine learning algorithms Hands-on ...
Data Science Specialist,"Kolkata, Mumbai, Hyderabad/Secunderabad, Pune, Chennai, Bangalore/Bengaluru",Must Have Knowledge of statistical techniques and machine learning algorithms Hands-on ...
Data Science Specialist,"Kolkata, Mumbai, Hyderabad/Secunderabad, Pune, Chennai, Bangalore/Bengaluru",Must Have Knowledge of statistical techniques and machine learning algorithms Hands-on ...
Data Science Specialist,"Kolkata, Mumbai, Hyderabad/Secunderabad, Pune, Chennai, Bangalore/Bengaluru",Must Have Knowledge of statistical techniques and machine learning algorithms Hands-on ...
Data Science Specialist,"Kolkata, Mumbai, Hyderabad/Secunderabad, Pune, Chennai, Bangalore/Bengaluru",Must Have Knowledge of statistical techniques and machine learning algorithms Hands-on ...
Data Science Specialist,"Kolkata, Mumbai, Hyderabad/Secunderabad, Pune, Chennai, Bangalore/Bengaluru",Must Have Knowledge of statistical techniques and machine learning algorithms Hands-on ...
Data Science Specialist,"Kolkata, Mumbai, Hyderabad/Secunderabad, Pune, Chennai, Bangalore/Bengaluru",Must Have Knowledge of statistical techniques and machine learning algorithms Hands-on ...
Data Science Specialist,"Kolkata, Mumbai, Hyderabad/Secunderabad, Pune, Chennai, Bangalore/Bengaluru",Must Have Knowledge of statistical techniques and machine learning algorithms Hands-on ...
Data Science Specialist,"Kolkata, Mumbai, Hyderabad/Secunderabad, Pune, Chennai, Bangalore/Bengaluru",Must Have Knowledge of statistical techniques and machine learning algorithms Hands-on ...
Data Science Specialist,"Kolkata, Mumbai, Hyderabad/Secunderabad, Pune, Chennai, Bangalore/Bengaluru",Must Have Knowledge of statistical techniques and machine learning algorithms Hands-on ...
Data Science Specialist,"Kolkata, Mumbai, Hyderabad/Secunderabad, Pune, Chennai, Bangalore/Bengaluru",Must Have Knowledge of statistical techniques and machine learning algorithms Hands-on ...
Data Science Specialist,"Kolkata, Mumbai, Hyderabad/Secunderabad, Pune, Chennai, Bangalore/Bengaluru",Must Have Knowledge of statistical techniques and machine learning algorithms Hands-on ...
Data Science Specialist,"Kolkata, Mumbai, Hyderabad/Secunderabad, Pune, Chennai, Bangalore/Bengaluru",Must Have Knowledge of statistical techniques and machine learning algorithms Hands-on ...
Data Science Specialist,"Kolkata, Mumbai, Hyderabad/Secunderabad, Pune, Chennai, Bangalore/Bengaluru",Must Have Knowledge of statistical techniques and machine learning algorithms Hands-on ...
Data Science Specialist,"Kolkata, Mumbai, Hyderabad/Secunderabad, Pune, Chennai, Bangalore/Bengaluru",Must Have Knowledge of statistical techniques and machine learning algorithms Hands-on ...
Data Science Specialist,"Kolkata, Mumbai, Hyderabad/Secunderabad, Pune, Chennai, Bangalore/Bengaluru",Must Have Knowledge of statistical techniques and machine learning algorithms Hands-on ...
Data Science Specialist,"Kolkata, Mumbai, Hyderabad/Secunderabad, Pune, Chennai, Bangalore/Bengaluru",Must Have Knowledge of statistical techniques and machine learning algorithms Hands-on ...
